,GN,N
0,0.03167080879211426,0.017181873321533203
1,0.024299144744873047,0.01585841178894043
2,0.014346599578857422,0.016178369522094727
3,0.013202905654907227,0.015830516815185547
4,0.013482093811035156,0.01594686508178711
5,0.013066291809082031,0.017278671264648438
6,0.013130664825439453,0.015949726104736328
7,0.013416528701782227,0.016115903854370117
8,0.01297307014465332,0.015981435775756836
9,0.013276100158691406,0.015878677368164062
10,0.013032197952270508,0.01600813865661621
11,0.013186216354370117,0.01587080955505371
12,0.013710498809814453,0.016130924224853516
13,0.013028621673583984,0.015933513641357422
14,0.013764619827270508,0.015964984893798828
15,0.013390779495239258,0.01599574089050293
16,0.013423442840576172,0.01583099365234375
17,0.013274908065795898,0.016571521759033203
18,0.013212442398071289,0.016167879104614258
19,0.013198375701904297,0.015918731689453125
20,0.01319122314453125,0.016102313995361328
21,0.012920141220092773,0.01582932472229004
22,0.013015985488891602,0.016077041625976562
23,0.013146400451660156,0.01585984230041504
24,0.013142108917236328,0.015802860260009766
25,0.012881040573120117,0.016122817993164062
26,0.012873411178588867,0.015817880630493164
27,0.012970209121704102,0.016077518463134766
28,0.012895584106445312,0.01592111587524414
29,0.012949466705322266,0.016217708587646484
30,0.012949943542480469,0.017161846160888672
31,0.012864828109741211,0.015944957733154297
32,0.012844085693359375,0.016591310501098633
33,0.013126850128173828,0.016060352325439453
34,0.012930631637573242,0.01587224006652832
35,0.012858867645263672,0.01615118980407715
36,0.013027191162109375,0.015851974487304688
37,0.013027667999267578,0.016396760940551758
38,0.012902259826660156,0.01587986946105957
39,0.013024330139160156,0.015839576721191406
40,0.013037681579589844,0.016059398651123047
41,0.013050079345703125,0.01582622528076172
42,0.013063192367553711,0.016022920608520508
43,0.013478755950927734,0.015851259231567383
44,0.01324462890625,0.015822410583496094
45,0.013105392456054688,0.016744375228881836
46,0.01299738883972168,0.015911340713500977
47,0.013070821762084961,0.016074419021606445
48,0.013030767440795898,0.01590752601623535
49,0.013069391250610352,0.01582479476928711
50,0.01313471794128418,0.01610088348388672
51,0.012999773025512695,0.015838146209716797
52,0.012974262237548828,0.01601099967956543
53,0.01305699348449707,0.015827178955078125
54,0.012957096099853516,0.015865802764892578
55,0.012978553771972656,0.01596665382385254
56,0.01313018798828125,0.01583695411682129
57,0.012981653213500977,0.016399383544921875
58,0.01293182373046875,0.01614236831665039
59,0.013157367706298828,0.015857219696044922
60,0.01294565200805664,0.01607990264892578
61,0.012914657592773438,0.015860795974731445
62,0.013149261474609375,0.01598215103149414
63,0.012978315353393555,0.015896320343017578
64,0.013012170791625977,0.015797853469848633
65,0.013012170791625977,0.01602482795715332
66,0.012885570526123047,0.01590418815612793
67,0.012895584106445312,0.016527175903320312
68,0.013110160827636719,0.017237186431884766
69,0.013029098510742188,0.016060352325439453
70,0.012918710708618164,0.01606917381286621
71,0.012981414794921875,0.015967607498168945
72,0.01302337646484375,0.016253948211669922
73,0.012901067733764648,0.01609182357788086
74,0.013043642044067383,0.015842437744140625
75,0.01291036605834961,0.01604604721069336
76,0.01290750503540039,0.015891313552856445
77,0.012883424758911133,0.015856027603149414
78,0.012922048568725586,0.016054868698120117
79,0.012926578521728516,0.015892744064331055
80,0.012995004653930664,0.01643061637878418
81,0.01306295394897461,0.016186952590942383
82,0.012902259826660156,0.015910863876342773
83,0.012941837310791016,0.016094207763671875
84,0.01302480697631836,0.01581740379333496
85,0.012941122055053711,0.016044139862060547
86,0.01288914680480957,0.015886306762695312
87,0.01309061050415039,0.015809059143066406
88,0.012923479080200195,0.016036033630371094
89,0.012955188751220703,0.01584339141845703
90,0.013271808624267578,0.016030073165893555
91,0.012977838516235352,0.015963077545166016
92,0.012917518615722656,0.015869855880737305
93,0.012992620468139648,0.01674962043762207
94,0.013096094131469727,0.016026020050048828
95,0.012983322143554688,0.015900373458862305
96,0.013013124465942383,0.01615309715270996
97,0.012840509414672852,0.01587653160095215
98,0.012897968292236328,0.016041040420532227
99,0.012996673583984375,0.015887975692749023
100,0.012941598892211914,0.01596665382385254
101,0.01285243034362793,0.015959501266479492
102,0.012984275817871094,0.015839815139770508
103,0.012944459915161133,0.016057968139648438
104,0.012820005416870117,0.01620030403137207
105,0.013012886047363281,0.017293214797973633
106,0.012978792190551758,0.016202926635742188
107,0.012809991836547852,0.015864133834838867
108,0.012828588485717773,0.016081809997558594
109,0.012980222702026367,0.015750408172607422
110,0.012918472290039062,0.016049861907958984
111,0.012951374053955078,0.01590752601623535
112,0.012958526611328125,0.01584601402282715
113,0.012926101684570312,0.016066789627075195
114,0.013007879257202148,0.01587700843811035
115,0.013102531433105469,0.01599860191345215
116,0.012903928756713867,0.01594066619873047
117,0.01306009292602539,0.015835046768188477
118,0.013324260711669922,0.016692638397216797
119,0.013010263442993164,0.015950679779052734
120,0.012918233871459961,0.01599574089050293
121,0.013020992279052734,0.015967369079589844
122,0.012921571731567383,0.015851259231567383
123,0.01288604736328125,0.016072511672973633
124,0.012933015823364258,0.015811681747436523
125,0.012943267822265625,0.016028881072998047
126,0.012935161590576172,0.015880823135375977
127,0.012974739074707031,0.015887975692749023
128,0.012847661972045898,0.016032695770263672
129,0.01280522346496582,0.015854835510253906
130,0.012877702713012695,0.016379117965698242
131,0.012793540954589844,0.01617264747619629
132,0.012832880020141602,0.015850067138671875
133,0.01294565200805664,0.016126394271850586
134,0.012883901596069336,0.01593327522277832
135,0.012850761413574219,0.016028165817260742
136,0.013193607330322266,0.015916109085083008
137,0.012939691543579102,0.01584649085998535
138,0.012859106063842773,0.016047000885009766
139,0.01294398307800293,0.015847206115722656
140,0.012793540954589844,0.016010284423828125
141,0.012901782989501953,0.015883922576904297
142,0.013023614883422852,0.01726222038269043
143,0.012845754623413086,0.016872644424438477
144,0.012954950332641602,0.016004562377929688
145,0.012973308563232422,0.01600337028503418
146,0.012930631637573242,0.015848398208618164
147,0.012908935546875,0.016155242919921875
148,0.012956619262695312,0.01592850685119629
149,0.012981176376342773,0.01568603515625
150,0.012895822525024414,0.015881776809692383
151,0.012903928756713867,0.015896081924438477
152,0.012932538986206055,0.0157625675201416
153,0.012884140014648438,0.0158693790435791
154,0.012830495834350586,0.015793800354003906
155,0.012989044189453125,0.01633000373840332
156,0.012808799743652344,0.0159761905670166
157,0.01296377182006836,0.01581859588623047
158,0.012931108474731445,0.015982389450073242
159,0.012775182723999023,0.01580023765563965
160,0.012760639190673828,0.01583719253540039
161,0.01294255256652832,0.015828847885131836
162,0.012926816940307617,0.0157623291015625
163,0.012961149215698242,0.01587700843811035
164,0.013024330139160156,0.015830516815185547
165,0.012948751449584961,0.01585555076599121
166,0.012848854064941406,0.01580810546875
167,0.013067960739135742,0.01584601402282715
168,0.013000011444091797,0.016345977783203125
169,0.012950897216796875,0.015860319137573242
170,0.012917280197143555,0.015862464904785156
171,0.012944221496582031,0.015906810760498047
172,0.012968301773071289,0.0157625675201416
173,0.015391826629638672,0.01579451560974121
174,0.013002872467041016,0.01579594612121582
175,0.012905120849609375,0.01588892936706543
176,0.013032197952270508,0.015884876251220703
177,0.012954950332641602,0.015825271606445312
178,0.012894392013549805,0.015908002853393555
179,0.013157129287719727,0.01597738265991211
180,0.01302027702331543,0.02198338508605957
181,0.012932062149047852,0.016370296478271484
182,0.013139724731445312,0.01607823371887207
183,0.013067483901977539,0.01593947410583496
184,0.012960433959960938,0.015792131423950195
185,0.012958288192749023,0.015961170196533203
186,0.013187646865844727,0.015808582305908203
187,0.013000249862670898,0.015854358673095703
188,0.012970685958862305,0.01581740379333496
189,0.013021707534790039,0.015764713287353516
190,0.012872457504272461,0.01584005355834961
191,0.012953042984008789,0.015803813934326172
192,0.013078927993774414,0.01581716537475586
193,0.012943029403686523,0.017075300216674805
194,0.01303553581237793,0.015888452529907227
195,0.013059854507446289,0.015938282012939453
196,0.012900352478027344,0.015840530395507812
197,0.012904882431030273,0.015738248825073242
198,0.013029813766479492,0.015969038009643555
199,0.012958288192749023,0.0158541202545166
200,0.01289677619934082,0.015872716903686523
201,0.013048887252807617,0.015726566314697266
202,0.012945175170898438,0.01579427719116211
203,0.01295328140258789,0.015884876251220703
204,0.012874603271484375,0.01578354835510254
205,0.012805938720703125,0.01671576499938965
206,0.01286768913269043,0.01616215705871582
207,0.012910842895507812,0.01587510108947754
208,0.01279449462890625,0.015915870666503906
209,0.012781858444213867,0.015803813934326172
210,0.0129241943359375,0.015881061553955078
211,0.012827396392822266,0.0158236026763916
212,0.012916326522827148,0.015738725662231445
213,0.01290583610534668,0.017474889755249023
214,0.013019323348999023,0.01590108871459961
215,0.01289057731628418,0.01587057113647461
216,0.01292729377746582,0.01588153839111328
217,0.013218164443969727,0.017684221267700195
218,0.013057470321655273,0.016430139541625977
219,0.01297307014465332,0.015891551971435547
220,0.013018608093261719,0.01590704917907715
221,0.012969732284545898,0.015766382217407227
222,0.01291036605834961,0.015844106674194336
223,0.012976884841918945,0.015822172164916992
224,0.012853622436523438,0.015834331512451172
225,0.012863397598266602,0.016014575958251953
226,0.01321721076965332,0.0157778263092041
227,0.012829780578613281,0.01583099365234375
228,0.012885332107543945,0.015819787979125977
229,0.012993335723876953,0.01581716537475586
230,0.013235807418823242,0.01688551902770996
231,0.012962579727172852,0.015947580337524414
232,0.012912273406982422,0.015813827514648438
233,0.012987375259399414,0.01585221290588379
234,0.012984037399291992,0.01576089859008789
235,0.01289987564086914,0.01587057113647461
236,0.012985944747924805,0.015714645385742188
237,0.01294708251953125,0.01577901840209961
238,0.012813091278076172,0.01576375961303711
239,0.012908935546875,0.015753746032714844
240,0.01287078857421875,0.01589035987854004
241,0.01289510726928711,0.015769004821777344
242,0.013111352920532227,0.01575922966003418
243,0.012990713119506836,0.017038822174072266
244,0.012892723083496094,0.015859365463256836
245,0.01313161849975586,0.016063690185546875
246,0.012988090515136719,0.017363786697387695
247,0.01292872428894043,0.016799449920654297
248,0.012941360473632812,0.015878677368164062
249,0.013074398040771484,0.015911102294921875
250,0.01288747787475586,0.015763044357299805
251,0.012901782989501953,0.015796661376953125
252,0.012921333312988281,0.015869855880737305
253,0.012918710708618164,0.015794038772583008
254,0.012855768203735352,0.016062021255493164
255,0.012978315353393555,0.017972469329833984
256,0.012843847274780273,0.01591181755065918
257,0.012946605682373047,0.016032934188842773
258,0.012963294982910156,0.015842676162719727
259,0.012898921966552734,0.015766382217407227
260,0.012887001037597656,0.01606273651123047
261,0.013017654418945312,0.016308307647705078
262,0.013059139251708984,0.0160830020904541
263,0.01298832893371582,0.01622152328491211
264,0.01303720474243164,0.01584911346435547
265,0.012986183166503906,0.015985965728759766
266,0.012909889221191406,0.015846729278564453
267,0.012978315353393555,0.016595125198364258
268,0.013002395629882812,0.016249895095825195
269,0.012937545776367188,0.01578998565673828
270,0.012963056564331055,0.01601433753967285
271,0.012938737869262695,0.01576972007751465
272,0.012906074523925781,0.016038179397583008
273,0.01301264762878418,0.015805482864379883
274,0.012935876846313477,0.01575326919555664
275,0.012903213500976562,0.018985271453857422
276,0.013258934020996094,0.01593780517578125
277,0.012980461120605469,0.015877246856689453
278,0.012960195541381836,0.015861034393310547
279,0.013062238693237305,0.01580500602722168
280,0.012974739074707031,0.016712665557861328
281,0.012946844100952148,0.016150951385498047
282,0.01298666000366211,0.015978336334228516
283,0.013024568557739258,0.015929698944091797
284,0.012962818145751953,0.01864790916442871
285,0.013034820556640625,0.016046524047851562
286,0.01291966438293457,0.015855073928833008
287,0.012937068939208984,0.015949487686157227
288,0.0129547119140625,0.01588129997253418
289,0.012994766235351562,0.015857458114624023
290,0.01296854019165039,0.015935897827148438
291,0.012885570526123047,0.01637721061706543
292,0.013008832931518555,0.02026653289794922
293,0.012899637222290039,0.016004323959350586
294,0.012923717498779297,0.016013383865356445
295,0.013064146041870117,0.015897274017333984
296,0.012944936752319336,0.015859127044677734
297,0.012887239456176758,0.015932083129882812
298,0.013002872467041016,0.015856027603149414
299,0.01289224624633789,0.01603984832763672
300,0.012866020202636719,0.01586294174194336
301,0.012956380844116211,0.015842914581298828
302,0.012881755828857422,0.015923738479614258
303,0.012876033782958984,0.01587510108947754
304,0.012970685958862305,0.016358613967895508
305,0.012939691543579102,0.01608586311340332
306,0.012882709503173828,0.01588606834411621
307,0.012952566146850586,0.01599264144897461
308,0.012947559356689453,0.015857934951782227
309,0.012886762619018555,0.015815019607543945
310,0.012850284576416016,0.015859127044677734
311,0.013061046600341797,0.015857219696044922
312,0.012956619262695312,0.01595902442932129
313,0.012911558151245117,0.016381025314331055
314,0.013057708740234375,0.016909360885620117
315,0.012937307357788086,0.01694631576538086
316,0.012909889221191406,0.016809701919555664
317,0.013103246688842773,0.01732778549194336
318,0.013009786605834961,0.0168759822845459
319,0.01304316520690918,0.016923904418945312
320,0.01301264762878418,0.016860485076904297
321,0.012975454330444336,0.01695418357849121
322,0.013204336166381836,0.016852378845214844
323,0.01305389404296875,0.016808509826660156
324,0.013002872467041016,0.01693582534790039
325,0.013057470321655273,0.016881942749023438
326,0.013063669204711914,0.017017841339111328
327,0.01297760009765625,0.016869068145751953
328,0.012864351272583008,0.017859220504760742
329,0.012979745864868164,0.01734328269958496
330,0.012902021408081055,0.016882658004760742
331,0.012912750244140625,0.017015457153320312
332,0.01300811767578125,0.01687312126159668
333,0.012895822525024414,0.01692342758178711
334,0.012978792190551758,0.016836881637573242
335,0.01298069953918457,0.016910076141357422
336,0.012947320938110352,0.016941547393798828
337,0.012810945510864258,0.016828298568725586
338,0.012993097305297852,0.016988039016723633
339,0.012923717498779297,0.01682591438293457
340,0.01295328140258789,0.017191648483276367
341,0.012974023818969727,0.01708531379699707
342,0.013205528259277344,0.016878604888916016
343,0.012921571731567383,0.016963958740234375
344,0.01300668716430664,0.016815662384033203
345,0.012954473495483398,0.01697516441345215
346,0.012924432754516602,0.016826391220092773
347,0.01312875747680664,0.016846179962158203
348,0.012961864471435547,0.016872167587280273
349,0.012887716293334961,0.016870498657226562
350,0.013068914413452148,0.016963720321655273
351,0.01293635368347168,0.016849040985107422
352,0.012920856475830078,0.01718759536743164
353,0.012993335723876953,0.01689910888671875
354,0.012959480285644531,0.016821861267089844
355,0.012827634811401367,0.01966071128845215
356,0.012942075729370117,0.015926361083984375
357,0.013058662414550781,0.0158846378326416
358,0.012899637222290039,0.01571965217590332
359,0.012898921966552734,0.015866518020629883
360,0.012879133224487305,0.01579594612121582
361,0.012866020202636719,0.01581287384033203
362,0.01300501823425293,0.015869140625
363,0.01308131217956543,0.015796899795532227
364,0.012931346893310547,0.017035245895385742
365,0.013023138046264648,0.0161135196685791
366,0.012987613677978516,0.01577901840209961
367,0.012911796569824219,0.015900611877441406
368,0.013127803802490234,0.01574230194091797
369,0.01319265365600586,0.01584148406982422
370,0.013007402420043945,0.01576375961303711
371,0.012927532196044922,0.01573324203491211
372,0.013045787811279297,0.01581716537475586
373,0.013020992279052734,0.015759706497192383
374,0.012857675552368164,0.015830516815185547
375,0.012945175170898438,0.015732526779174805
376,0.012895822525024414,0.015755176544189453
377,0.012862920761108398,0.016388416290283203
378,0.012978315353393555,0.015834808349609375
379,0.01290273666381836,0.01584339141845703
380,0.012920141220092773,0.015816688537597656
381,0.013088226318359375,0.015888690948486328
382,0.012935161590576172,0.015896320343017578
383,0.012927770614624023,0.015975475311279297
384,0.013119220733642578,0.015876293182373047
385,0.01295781135559082,0.015794992446899414
386,0.013010978698730469,0.015748977661132812
387,0.012622833251953125,0.01585531234741211
388,0.012556076049804688,0.015797138214111328
389,0.012468338012695312,0.01610565185546875
390,0.012502908706665039,0.01631903648376465
391,0.012544631958007812,0.015830516815185547
392,0.012426137924194336,0.015890836715698242
393,0.012440919876098633,0.01576709747314453
394,0.012547016143798828,0.015807390213012695
395,0.012418508529663086,0.015821456909179688
396,0.012355566024780273,0.015723228454589844
397,0.012434720993041992,0.015825510025024414
398,0.012508392333984375,0.015842914581298828
399,0.012374162673950195,0.0157773494720459
400,0.012456655502319336,0.01587224006652832
401,0.012374162673950195,0.015659570693969727
402,0.012394428253173828,0.01708507537841797
403,0.012581348419189453,0.01593613624572754
404,0.012419700622558594,0.015892744064331055
405,0.012376785278320312,0.01583409309387207
406,0.012371301651000977,0.015722036361694336
407,0.012451171875,0.01587367057800293
408,0.012427806854248047,0.016162633895874023
409,0.012436866760253906,0.01592087745666504
410,0.012478113174438477,0.015855073928833008
411,0.012365579605102539,0.015810012817382812
412,0.012542247772216797,0.015869617462158203
413,0.012421131134033203,0.01572561264038086
414,0.012473344802856445,0.016139745712280273
415,0.012652873992919922,0.016218185424804688
416,0.012560129165649414,0.01582956314086914
417,0.012665033340454102,0.01634073257446289
418,0.012511014938354492,0.01576089859008789
419,0.012564897537231445,0.015774965286254883
420,0.01248931884765625,0.015845298767089844
421,0.012368917465209961,0.015756607055664062
422,0.012464761734008789,0.015807628631591797
423,0.012417316436767578,0.015773296356201172
424,0.012418746948242188,0.015780210494995117
425,0.012412786483764648,0.015882015228271484
426,0.0125274658203125,0.015725135803222656
427,0.01243448257446289,0.01623249053955078
428,0.012427806854248047,0.015841960906982422
429,0.012519598007202148,0.015784263610839844
430,0.012419939041137695,0.01588749885559082
431,0.012472867965698242,0.01581263542175293
432,0.012549877166748047,0.01586437225341797
433,0.012592792510986328,0.015741586685180664
434,0.012442350387573242,0.015737295150756836
435,0.012434244155883789,0.01584625244140625
436,0.012481689453125,0.015780210494995117
437,0.012484550476074219,0.015868663787841797
438,0.012395143508911133,0.01576399803161621
439,0.012479543685913086,0.01653885841369629
440,0.012439966201782227,0.016522884368896484
441,0.012413978576660156,0.015854835510253906
442,0.01250147819519043,0.015876293182373047
443,0.012411832809448242,0.0158541202545166
444,0.012421369552612305,0.01581883430480957
445,0.012529611587524414,0.015781164169311523
446,0.012521743774414062,0.015764474868774414
447,0.012529850006103516,0.01584935188293457
448,0.01263284683227539,0.015905141830444336
449,0.012452840805053711,0.01597762107849121
450,0.012377262115478516,0.01657557487487793
451,0.012482881546020508,0.01584911346435547
452,0.012576818466186523,0.01607203483581543
453,0.01248788833618164,0.015942096710205078
454,0.012404441833496094,0.015771865844726562
455,0.012567758560180664,0.015908241271972656
456,0.012476444244384766,0.01575636863708496
457,0.012576818466186523,0.01573657989501953
458,0.012500286102294922,0.015778064727783203
459,0.012387275695800781,0.015734195709228516
460,0.012386560440063477,0.015834569931030273
461,0.012528419494628906,0.01581406593322754
462,0.012484073638916016,0.01580023765563965
463,0.01251077651977539,0.015738248825073242
464,0.013851165771484375,0.01586437225341797
465,0.012537002563476562,0.016196727752685547
466,0.01244974136352539,0.015822887420654297
467,0.0125274658203125,0.01580810546875
468,0.012516260147094727,0.015787124633789062
469,0.012788772583007812,0.015758514404296875
470,0.012571096420288086,0.015846729278564453
471,0.012531280517578125,0.01572871208190918
472,0.012483358383178711,0.015868425369262695
473,0.012453556060791016,0.01578235626220703
474,0.01255488395690918,0.01574563980102539
475,0.01244354248046875,0.015833139419555664
476,0.012415170669555664,0.015745162963867188
477,0.012517690658569336,0.01659107208251953
478,0.012652873992919922,0.016277074813842773
479,0.012444496154785156,0.015874862670898438
480,0.012576580047607422,0.01590132713317871
481,0.01248621940612793,0.01578807830810547
482,0.012472152709960938,0.015811681747436523
483,0.01246786117553711,0.015794992446899414
484,0.01251363754272461,0.01574254035949707
485,0.012481451034545898,0.01580810546875
486,0.012413501739501953,0.01582622528076172
487,0.012436389923095703,0.015799999237060547
488,0.01253819465637207,0.015717267990112305
489,0.01250314712524414,0.01571178436279297
490,0.012544870376586914,0.01643967628479004
491,0.012473106384277344,0.01594710350036621
492,0.012445449829101562,0.015775203704833984
493,0.012544393539428711,0.015920639038085938
494,0.012454032897949219,0.015793323516845703
495,0.012423038482666016,0.015916109085083008
496,0.012605667114257812,0.015830516815185547
497,0.012448310852050781,0.015932321548461914
498,0.012423276901245117,0.01582050323486328
499,0.012414932250976562,0.015787601470947266
500,0.012452125549316406,0.015798091888427734
501,0.012407064437866211,0.015779733657836914
502,0.012424945831298828,0.01576852798461914
503,0.012452363967895508,0.016422748565673828
504,0.012433052062988281,0.015873432159423828
505,0.01240396499633789,0.01589369773864746
506,0.012453079223632812,0.015856266021728516
507,0.012381792068481445,0.01577591896057129
508,0.012357950210571289,0.01586174964904785
509,0.01247859001159668,0.015764474868774414
510,0.012359380722045898,0.01585102081298828
511,0.012439966201782227,0.01577901840209961
512,0.012787342071533203,0.01575446128845215
513,0.012615203857421875,0.01585531234741211
514,0.012509584426879883,0.015743494033813477
515,0.012581825256347656,0.017108678817749023
516,0.01251673698425293,0.016179800033569336
517,0.012558937072753906,0.015871047973632812
518,0.012637138366699219,0.015828847885131836
519,0.012583494186401367,0.015764713287353516
520,0.012538671493530273,0.015863895416259766
521,0.012475252151489258,0.015730619430541992
522,0.012532949447631836,0.01586127281188965
523,0.012417316436767578,0.015816450119018555
524,0.012630939483642578,0.015782594680786133
525,0.012598276138305664,0.015951156616210938
526,0.012429237365722656,0.015810251235961914
527,0.012534618377685547,0.015834331512451172
528,0.012578248977661133,0.015794038772583008
529,0.012491941452026367,0.015711307525634766
530,0.012465715408325195,0.016354084014892578
531,0.012417078018188477,0.01586318016052246
532,0.012529373168945312,0.015818119049072266
533,0.012530088424682617,0.015850305557250977
534,0.0124664306640625,0.015749216079711914
535,0.012444496154785156,0.015865564346313477
536,0.012387514114379883,0.01653456687927246
537,0.012403488159179688,0.015870094299316406
538,0.012568950653076172,0.015871047973632812
539,0.012452840805053711,0.015820741653442383
540,0.01242375373840332,0.015893220901489258
541,0.012546777725219727,0.015794038772583008
542,0.012727022171020508,0.015839815139770508
543,0.012630462646484375,0.015802621841430664
544,0.012648582458496094,0.016248464584350586
545,0.012536048889160156,0.016021728515625
546,0.013330459594726562,0.015778303146362305
547,0.012491226196289062,0.015863656997680664
548,0.012545585632324219,0.015778541564941406
549,0.01243448257446289,0.015875577926635742
550,0.012427806854248047,0.015798091888427734
551,0.01252889633178711,0.01753544807434082
552,0.012460947036743164,0.018262624740600586
553,0.01243734359741211,0.016485214233398438
554,0.012488842010498047,0.015864133834838867
555,0.012444496154785156,0.015924930572509766
556,0.012504339218139648,0.015824556350708008
557,0.012512922286987305,0.015851497650146484
558,0.012473583221435547,0.01587200164794922
559,0.012411832809448242,0.015788555145263672
560,0.012742280960083008,0.015912294387817383
561,0.012484073638916016,0.01580071449279785
562,0.012586116790771484,0.015856027603149414
563,0.01268148422241211,0.015840768814086914
564,0.01251220703125,0.015857458114624023
565,0.01484227180480957,0.01586747169494629
566,0.012531757354736328,0.015764713287353516
567,0.012521982192993164,0.016528844833374023
568,0.01262044906616211,0.015883684158325195
569,0.012611150741577148,0.01593160629272461
570,0.012717247009277344,0.01583123207092285
571,0.012476205825805664,0.01585555076599121
572,0.01248788833618164,0.015787839889526367
573,0.01245570182800293,0.015775442123413086
574,0.012435436248779297,0.01584935188293457
575,0.012427806854248047,0.01575779914855957
576,0.012737274169921875,0.015848636627197266
577,0.01240849494934082,0.015797853469848633
578,0.012410402297973633,0.015892744064331055
579,0.012531757354736328,0.015842914581298828
580,0.012464523315429688,0.015785932540893555
581,0.012497425079345703,0.016448974609375
582,0.012485027313232422,0.015877962112426758
583,0.012452125549316406,0.015870332717895508
584,0.012529373168945312,0.015717744827270508
585,0.012567520141601562,0.015836477279663086
586,0.012456417083740234,0.015729904174804688
587,0.012482881546020508,0.01581716537475586
588,0.012521982192993164,0.01586747169494629
589,0.012511730194091797,0.015770673751831055
590,0.012377738952636719,0.016895771026611328
591,0.012439250946044922,0.016782283782958984
592,0.012567996978759766,0.016015291213989258
593,0.01245260238647461,0.01581573486328125
594,0.01245427131652832,0.015821456909179688
595,0.012525320053100586,0.016156911849975586
596,0.012438058853149414,0.015881061553955078
597,0.012448549270629883,0.015905141830444336
598,0.012481212615966797,0.01578998565673828
599,0.012397527694702148,0.015932321548461914
600,0.012385129928588867,0.016747474670410156
601,0.012398004531860352,0.015857219696044922
602,0.012495279312133789,0.015908479690551758
603,0.012392282485961914,0.015807628631591797
604,0.012384653091430664,0.016242027282714844
605,0.012462139129638672,0.01587820053100586
606,0.012361526489257812,0.016166210174560547
607,0.012494087219238281,0.015801191329956055
608,0.012753963470458984,0.015929460525512695
609,0.012448787689208984,0.01578044891357422
610,0.01244354248046875,0.015978336334228516
611,0.012497901916503906,0.015847444534301758
612,0.012524843215942383,0.015834331512451172
613,0.012444019317626953,0.01587677001953125
614,0.012553930282592773,0.01580214500427246
615,0.012500286102294922,0.015919208526611328
616,0.012549877166748047,0.01585221290588379
617,0.012747764587402344,0.01625227928161621
618,0.012604713439941406,0.015985488891601562
619,0.012538671493530273,0.01584601402282715
620,0.012476205825805664,0.015859603881835938
621,0.012520790100097656,0.01584601402282715
622,0.012396097183227539,0.015871763229370117
623,0.012463569641113281,0.0157625675201416
624,0.012549638748168945,0.015896081924438477
625,0.012510538101196289,0.015811920166015625
626,0.012495994567871094,0.01586461067199707
627,0.013253211975097656,0.015869855880737305
628,0.012468576431274414,0.016985177993774414
629,0.01245737075805664,0.01601719856262207
630,0.012532234191894531,0.015931367874145508
631,0.012439489364624023,0.015816688537597656
632,0.012481927871704102,0.01611924171447754
633,0.012508153915405273,0.01582026481628418
634,0.01241922378540039,0.015889644622802734
635,0.012431859970092773,0.016048908233642578
636,0.012380123138427734,0.016345739364624023
637,0.012498140335083008,0.015789031982421875
638,0.012471437454223633,0.015851736068725586
639,0.012477636337280273,0.01586437225341797
640,0.012590408325195312,0.015819549560546875
641,0.012429475784301758,0.016730308532714844
642,0.012468338012695312,0.015956640243530273
643,0.0125579833984375,0.015988826751708984
644,0.012463808059692383,0.015789031982421875
645,0.012531280517578125,0.015891313552856445
646,0.012555837631225586,0.015839576721191406
647,0.012459754943847656,0.015927553176879883
648,0.012460708618164062,0.015802383422851562
649,0.0124359130859375,0.0159146785736084
650,0.012532234191894531,0.015815258026123047
651,0.01246500015258789,0.01592111587524414
652,0.012403488159179688,0.015822887420654297
653,0.012480020523071289,0.016264677047729492
654,0.012469053268432617,0.016052722930908203
655,0.012542247772216797,0.01587200164794922
656,0.012680530548095703,0.01593613624572754
657,0.01242518424987793,0.015831947326660156
658,0.01237344741821289,0.015890121459960938
659,0.012546300888061523,0.015861034393310547
660,0.012415647506713867,0.0158383846282959
661,0.012456655502319336,0.015752077102661133
662,0.012663602828979492,0.015996694564819336
663,0.012503862380981445,0.015790224075317383
664,0.012541055679321289,0.01591324806213379
665,0.012512445449829102,0.016488313674926758
666,0.012542009353637695,0.01624584197998047
667,0.01248478889465332,0.01632380485534668
668,0.01277303695678711,0.015961408615112305
669,0.012557268142700195,0.015939712524414062
670,0.012457847595214844,0.01610541343688965
671,0.01244211196899414,0.01597452163696289
672,0.012684345245361328,0.015797138214111328
673,0.012474536895751953,0.015841960906982422
674,0.01246333122253418,0.0157926082611084
675,0.012612581253051758,0.01594090461730957
676,0.012430429458618164,0.015796184539794922
677,0.012517452239990234,0.015988588333129883
678,0.012625694274902344,0.01578807830810547
679,0.012585163116455078,0.016300201416015625
680,0.012498855590820312,0.01597452163696289
681,0.012470006942749023,0.01596808433532715
682,0.012457609176635742,0.015883207321166992
683,0.01247262954711914,0.015932321548461914
684,0.012438535690307617,0.015824079513549805
685,0.012559175491333008,0.015938282012939453
686,0.012536764144897461,0.01578831672668457
687,0.01251530647277832,0.015963315963745117
688,0.012568235397338867,0.015822172164916992
689,0.012343883514404297,0.01592707633972168
690,0.012472391128540039,0.015849590301513672
691,0.01261591911315918,0.015943288803100586
692,0.012445926666259766,0.01577901840209961
693,0.012480020523071289,0.0164029598236084
694,0.012475728988647461,0.016047954559326172
695,0.012462139129638672,0.016005754470825195
696,0.012525558471679688,0.015886545181274414
697,0.012552976608276367,0.015941381454467773
698,0.012447834014892578,0.015778303146362305
699,0.012446403503417969,0.016047239303588867
700,0.012367725372314453,0.015778779983520508
701,0.01251530647277832,0.015925884246826172
702,0.012339115142822266,0.01581859588623047
703,0.012639522552490234,0.01607036590576172
704,0.012740612030029297,0.01673722267150879
705,0.012469768524169922,0.015937089920043945
706,0.012456893920898438,0.01664257049560547
707,0.012769222259521484,0.015902280807495117
708,0.012429952621459961,0.016034364700317383
709,0.01285243034362793,0.015965938568115234
710,0.012705326080322266,0.015865564346313477
711,0.012429475784301758,0.015949010848999023
712,0.012506484985351562,0.015824079513549805
713,0.012710809707641602,0.015946626663208008
714,0.01254415512084961,0.015791654586791992
715,0.012610197067260742,0.015959501266479492
716,0.012696266174316406,0.015776872634887695
717,0.012694597244262695,0.01657247543334961
718,0.012547016143798828,0.015967607498168945
719,0.012550115585327148,0.015973806381225586
720,0.012884378433227539,0.015837669372558594
721,0.012507200241088867,0.015978336334228516
722,0.012470245361328125,0.015789270401000977
723,0.012790441513061523,0.016016006469726562
724,0.012418746948242188,0.015799522399902344
725,0.012479305267333984,0.015987634658813477
726,0.012699604034423828,0.015970706939697266
727,0.012482404708862305,0.015817642211914062
728,0.012488603591918945,0.016887187957763672
729,0.012664318084716797,0.015831470489501953
730,0.012482166290283203,0.016630887985229492
731,0.012430429458618164,0.01603984832763672
732,0.012630701065063477,0.01595020294189453
733,0.012553215026855469,0.015827655792236328
734,0.012467622756958008,0.0160367488861084
735,0.012467145919799805,0.0159604549407959
736,0.01275181770324707,0.015892505645751953
737,0.012461662292480469,0.015976428985595703
738,0.012432575225830078,0.01585984230041504
739,0.012686967849731445,0.015952110290527344
740,0.012497663497924805,0.015876054763793945
741,0.012464523315429688,0.016671180725097656
742,0.012699127197265625,0.01624155044555664
743,0.012529134750366211,0.016597270965576172
744,0.012535572052001953,0.016011953353881836
745,0.012672662734985352,0.016074657440185547
746,0.01250457763671875,0.015990734100341797
747,0.01250767707824707,0.015911579132080078
748,0.012588977813720703,0.015970945358276367
749,0.012491941452026367,0.015848159790039062
750,0.012456178665161133,0.016004323959350586
751,0.01286172866821289,0.015803098678588867
752,0.012590885162353516,0.016397714614868164
753,0.012454986572265625,0.015961408615112305
754,0.012440681457519531,0.015935659408569336
755,0.012724876403808594,0.01639842987060547
756,0.012450933456420898,0.01613450050354004
757,0.012412309646606445,0.016049861907958984
758,0.012702226638793945,0.015857696533203125
759,0.012413740158081055,0.01605510711669922
760,0.012449264526367188,0.016043424606323242
761,0.01271510124206543,0.015804290771484375
762,0.01249074935913086,0.01602029800415039
763,0.012500762939453125,0.015863895416259766
764,0.012745857238769531,0.01604604721069336
765,0.012412786483764648,0.015910863876342773
766,0.012459516525268555,0.015979528427124023
767,0.012930154800415039,0.016048669815063477
768,0.01260519027709961,0.015807390213012695
769,0.012495994567871094,0.016754627227783203
770,0.012454748153686523,0.015980005264282227
771,0.012766599655151367,0.016042232513427734
772,0.012446403503417969,0.015961408615112305
773,0.012474775314331055,0.015853166580200195
774,0.012751579284667969,0.016074657440185547
775,0.012433528900146484,0.015947818756103516
776,0.012502431869506836,0.016001224517822266
777,0.012726068496704102,0.016042232513427734
778,0.012425661087036133,0.015942811965942383
779,0.01242375373840332,0.016695737838745117
780,0.012711524963378906,0.016438722610473633
781,0.012440681457519531,0.016009092330932617
782,0.012426137924194336,0.01604747772216797
783,0.01291346549987793,0.015997886657714844
784,0.01256108283996582,0.015895605087280273
785,0.012476205825805664,0.015943527221679688
786,0.012430906295776367,0.01583552360534668
787,0.012726068496704102,0.016033649444580078
788,0.012476205825805664,0.016078472137451172
789,0.012417793273925781,0.015849590301513672
790,0.013565778732299805,0.015896320343017578
791,0.012530803680419922,0.015834331512451172
792,0.012528181076049805,0.01625680923461914
793,0.012776613235473633,0.015926837921142578
794,0.012439250946044922,0.015895366668701172
795,0.012464761734008789,0.015910625457763672
796,0.01270914077758789,0.015898466110229492
797,0.012491464614868164,0.015803813934326172
798,0.012393474578857422,0.015853166580200195
799,0.013025760650634766,0.015816450119018555
800,0.012725114822387695,0.015837430953979492
801,0.012536287307739258,0.015917062759399414
802,0.012692928314208984,0.015854358673095703
803,0.012647390365600586,0.015831470489501953
804,0.012421369552612305,0.016155719757080078
805,0.012667179107666016,0.016020536422729492
806,0.012498855590820312,0.01587986946105957
807,0.012425661087036133,0.015879392623901367
808,0.012354373931884766,0.015773773193359375
809,0.01263737678527832,0.015865564346313477
810,0.012407779693603516,0.015888214111328125
811,0.012418031692504883,0.015747547149658203
812,0.012699127197265625,0.015883445739746094
813,0.012458086013793945,0.0158383846282959
814,0.012495756149291992,0.015816211700439453
815,0.012861251831054688,0.016176700592041016
816,0.012509584426879883,0.017445087432861328
817,0.012576103210449219,0.016503095626831055
818,0.012573480606079102,0.01625847816467285
819,0.012843608856201172,0.01591777801513672
820,0.012552738189697266,0.015886306762695312
821,0.012474298477172852,0.015874147415161133
822,0.012644290924072266,0.015850067138671875
823,0.012462139129638672,0.015809059143066406
824,0.012411355972290039,0.015877962112426758
825,0.012688636779785156,0.015911340713500977
826,0.012438297271728516,0.01581096649169922
827,0.012448787689208984,0.015870332717895508
828,0.012709856033325195,0.015926122665405273
829,0.01247549057006836,0.016297578811645508
830,0.012446403503417969,0.016103506088256836
831,0.012778759002685547,0.01587820053100586
832,0.012480020523071289,0.015874624252319336
833,0.012555837631225586,0.015790939331054688
834,0.012511730194091797,0.0158078670501709
835,0.012831687927246094,0.015888214111328125
836,0.012567758560180664,0.015758275985717773
837,0.01250147819519043,0.015816688537597656
838,0.012897253036499023,0.016185998916625977
839,0.012523651123046875,0.0158689022064209
840,0.012393951416015625,0.016286373138427734
841,0.01273036003112793,0.015847444534301758
842,0.012489795684814453,0.01616692543029785
843,0.01245427131652832,0.015900611877441406
844,0.012683629989624023,0.015859365463256836
845,0.012462854385375977,0.015893220901489258
846,0.01253962516784668,0.01581740379333496
847,0.012915372848510742,0.015784502029418945
848,0.01252293586730957,0.01581430435180664
849,0.012457847595214844,0.01581096649169922
850,0.012737274169921875,0.015867233276367188
851,0.012515783309936523,0.01575613021850586
852,0.01237034797668457,0.015773296356201172
853,0.012695074081420898,0.021014690399169922
854,0.012367010116577148,0.016721010208129883
855,0.012462377548217773,0.016352415084838867
856,0.012502670288085938,0.016041040420532227
857,0.012513160705566406,0.015896081924438477
858,0.01237797737121582,0.015952348709106445
859,0.012437820434570312,0.016039609909057617
860,0.012595176696777344,0.015996932983398438
861,0.012388944625854492,0.015841960906982422
862,0.012550830841064453,0.015875816345214844
863,0.012939929962158203,0.01595306396484375
864,0.012532234191894531,0.01595020294189453
865,0.012427568435668945,0.015956401824951172
866,0.01264047622680664,0.01625347137451172
867,0.012549877166748047,0.016499996185302734
868,0.012560367584228516,0.016750812530517578
869,0.012666463851928711,0.01600337028503418
870,0.012516498565673828,0.015861034393310547
871,0.012487649917602539,0.015979528427124023
872,0.012985706329345703,0.015898942947387695
873,0.012700080871582031,0.015990257263183594
874,0.012451648712158203,0.01596856117248535
875,0.012453556060791016,0.015933752059936523
876,0.012766599655151367,0.01595306396484375
877,0.012430906295776367,0.015902280807495117
878,0.012474775314331055,0.016123533248901367
879,0.0128631591796875,0.016011714935302734
880,0.012456417083740234,0.016649723052978516
881,0.012455463409423828,0.01613783836364746
882,0.012667417526245117,0.016194820404052734
883,0.01251363754272461,0.015876054763793945
884,0.012452363967895508,0.01581287384033203
885,0.012588024139404297,0.01599907875061035
886,0.012563705444335938,0.01604914665222168
887,0.012443780899047852,0.016003847122192383
888,0.01242828369140625,0.015987157821655273
889,0.012672901153564453,0.016353607177734375
890,0.012445449829101562,0.016128063201904297
891,0.012431621551513672,0.017005443572998047
892,0.01262807846069336,0.016663551330566406
893,0.012456893920898438,0.016240596771240234
894,0.012768745422363281,0.016069650650024414
895,0.012729883193969727,0.01600050926208496
896,0.012487173080444336,0.015970945358276367
897,0.012430429458618164,0.015966415405273438
898,0.012639045715332031,0.015934467315673828
899,0.012409210205078125,0.016040802001953125
900,0.012413740158081055,0.016041278839111328
901,0.012676000595092773,0.015994787216186523
902,0.012381792068481445,0.015966415405273438
903,0.01244974136352539,0.01603245735168457
904,0.012604713439941406,0.01636362075805664
905,0.012433290481567383,0.016211271286010742
906,0.012384414672851562,0.016041278839111328
907,0.012505054473876953,0.015945911407470703
908,0.012442350387573242,0.018772363662719727
909,0.012395858764648438,0.01609969139099121
910,0.012380123138427734,0.016034841537475586
911,0.012813568115234375,0.015996932983398438
912,0.01247406005859375,0.015941381454467773
913,0.01243138313293457,0.015890121459960938
914,0.012846946716308594,0.016221046447753906
915,0.012591838836669922,0.015966415405273438
916,0.012499094009399414,0.015950918197631836
917,0.01282954216003418,0.01596236228942871
918,0.012595415115356445,0.016778230667114258
919,0.012571096420288086,0.01607203483581543
920,0.012745857238769531,0.01597428321838379
921,0.012456178665161133,0.015984296798706055
922,0.012454509735107422,0.015937328338623047
923,0.012552499771118164,0.01592254638671875
924,0.012507438659667969,0.015908479690551758
925,0.012455463409423828,0.015947818756103516
926,0.012473821640014648,0.01588273048400879
927,0.012787103652954102,0.016295671463012695
928,0.012427806854248047,0.01700901985168457
929,0.012483596801757812,0.016522645950317383
930,0.012680530548095703,0.01610708236694336
931,0.012423038482666016,0.01593637466430664
932,0.012480735778808594,0.01594400405883789
933,0.012700319290161133,0.015897274017333984
934,0.01245570182800293,0.01591944694519043
935,0.012476205825805664,0.01633906364440918
936,0.012651920318603516,0.015928030014038086
937,0.012497186660766602,0.015910863876342773
938,0.01244497299194336,0.015883684158325195
939,0.012582540512084961,0.015933990478515625
940,0.012602567672729492,0.01591038703918457
941,0.012461185455322266,0.01614236831665039
942,0.012906789779663086,0.016144275665283203
943,0.012708425521850586,0.01598501205444336
944,0.01249074935913086,0.01592564582824707
945,0.01253819465637207,0.01596808433532715
946,0.012751102447509766,0.01585841178894043
947,0.012533426284790039,0.015958070755004883
948,0.012523412704467773,0.015942811965942383
949,0.01275777816772461,0.015926122665405273
950,0.01244974136352539,0.015889406204223633
951,0.012467622756958008,0.015848636627197266
952,0.012698888778686523,0.0159146785736084
953,0.013105630874633789,0.016010522842407227
954,0.01241302490234375,0.01593804359436035
955,0.012681722640991211,0.016210317611694336
956,0.012439489364624023,0.016103267669677734
957,0.012477397918701172,0.015977859497070312
958,0.01270294189453125,0.015892744064331055
959,0.012573003768920898,0.015926837921142578
960,0.012472152709960938,0.015884876251220703
961,0.012365579605102539,0.01631641387939453
962,0.012823104858398438,0.015949010848999023
963,0.012598991394042969,0.01623368263244629
964,0.013506174087524414,0.015945911407470703
965,0.0137939453125,0.01698780059814453
966,0.012505292892456055,0.016618728637695312
967,0.012501955032348633,0.01633167266845703
968,0.012507915496826172,0.015989065170288086
969,0.012560844421386719,0.01590442657470703
970,0.012521505355834961,0.01594686508178711
971,0.012507438659667969,0.01592564582824707
972,0.012430191040039062,0.01591181755065918
973,0.012421846389770508,0.015934228897094727
974,0.012513399124145508,0.015926599502563477
975,0.012483835220336914,0.01594400405883789
976,0.012448549270629883,0.015870332717895508
977,0.012454748153686523,0.01588726043701172
978,0.01247715950012207,0.015950679779052734
979,0.012479543685913086,0.01660919189453125
980,0.012444496154785156,0.016300201416015625
981,0.012488842010498047,0.015995502471923828
982,0.012470722198486328,0.01593804359436035
983,0.01251983642578125,0.01679372787475586
984,0.01271820068359375,0.01594090461730957
985,0.012552022933959961,0.01589512825012207
986,0.012502193450927734,0.01603221893310547
987,0.012789249420166016,0.01591944694519043
988,0.012531280517578125,0.015918254852294922
989,0.012465476989746094,0.015932559967041016
990,0.01288294792175293,0.015920400619506836
991,0.01259160041809082,0.01591348648071289
992,0.012486696243286133,0.016193628311157227
993,0.012722492218017578,0.016016721725463867
994,0.012461185455322266,0.015888214111328125
995,0.012569665908813477,0.01594233512878418
996,0.012624979019165039,0.01593184471130371
997,0.012569427490234375,0.015913724899291992
998,0.012456178665161133,0.015849590301513672
999,0.01248788833618164,0.015880584716796875
